CPUTYPE,CPUPCT,NPTS,SUM,SUM2,AVGPOWER
amd-opteron-2214,0,2445,459112.80,86213417.96,187.78
amd-opteron-2214,1,177,33729.70,6428666.47,190.56
amd-opteron-2214,2,52,9942.20,1901331.20,191.20
amd-opteron-2214,3,50,9604.00,1845632.66,192.08
amd-opteron-2214,4,108,20472.10,3882787.75,189.56
amd-opteron-2214,5,29,5617.10,1088974.51,193.69
amd-opteron-2214,6,29,5587.80,1077588.56,192.68
amd-opteron-2214,7,24,4638.50,897935.97,193.27
amd-opteron-2214,8,42,8092.80,1561185.16,192.69
amd-opteron-2214,9,58,11074.00,2116284.96,190.93
amd-opteron-2214,10,72,13824.30,2658327.97,192.00
amd-opteron-2214,11,43,8300.90,1603688.31,193.04
amd-opteron-2214,12,29,5638.50,1097693.91,194.43
amd-opteron-2214,13,41,7954.00,1544744.26,194.00
amd-opteron-2214,14,50,9693.90,1881463.19,193.88
amd-opteron-2214,15,38,7399.50,1441867.45,194.72
amd-opteron-2214,16,70,13631.50,2656178.67,194.74
amd-opteron-2214,17,91,17878.60,3514499.66,196.47
amd-opteron-2214,18,108,21314.30,4209609.21,197.35
amd-opteron-2214,19,101,19992.20,3960265.10,197.94
amd-opteron-2214,20,64,12639.10,2497539.21,197.49
amd-opteron-2214,21,50,9927.70,1971741.57,198.55
amd-opteron-2214,22,57,11339.10,2257032.83,198.93
amd-opteron-2214,23,39,7740.40,1537704.18,198.47
amd-opteron-2214,24,65,12914.30,2567590.05,198.68
amd-opteron-2214,25,2142,429933.00,86303049.72,200.72
amd-opteron-2214,26,91,18218.80,3648745.36,200.21
amd-opteron-2214,27,59,11861.10,2385807.15,201.04
amd-opteron-2214,28,35,7070.20,1428975.48,202.01
amd-opteron-2214,29,40,8060.20,1625438.32,201.50
amd-opteron-2214,30,24,4845.40,978503.52,201.89
amd-opteron-2214,31,22,4446.50,899023.71,202.11
amd-opteron-2214,32,23,4615.90,926881.95,200.69
amd-opteron-2214,33,27,5473.50,1110327.19,202.72
amd-opteron-2214,34,50,10191.40,2078068.72,203.83
amd-opteron-2214,35,30,6139.90,1257000.17,204.66
amd-opteron-2214,36,33,6694.00,1358846.00,202.85
amd-opteron-2214,37,18,3641.80,737368.00,202.32
amd-opteron-2214,38,14,2839.40,576707.20,202.81
amd-opteron-2214,39,13,2653.10,542764.11,204.08
amd-opteron-2214,40,9,1843.60,378000.60,204.84
amd-opteron-2214,41,12,2483.10,514190.95,206.93
amd-opteron-2214,42,15,3067.20,628811.98,204.48
amd-opteron-2214,43,36,7470.70,1551849.79,207.52
amd-opteron-2214,44,37,7654.50,1585691.75,206.88
amd-opteron-2214,45,26,5446.00,1142969.48,209.46
amd-opteron-2214,46,40,8583.10,1844981.03,214.58
amd-opteron-2214,47,39,8405.60,1814410.66,215.53
amd-opteron-2214,48,20,4138.90,857674.15,206.94
amd-opteron-2214,49,107,23014.70,4954254.93,215.09
amd-opteron-2214,50,1178,249004.80,52641558.92,211.38
amd-opteron-2214,51,30,6318.50,1335423.33,210.62
amd-opteron-2214,52,12,2499.00,521200.58,208.25
amd-opteron-2214,53,11,2322.70,492029.03,211.15
amd-opteron-2214,54,32,6873.60,1478812.26,214.80
amd-opteron-2214,55,10,2081.00,434828.80,208.10
amd-opteron-2214,56,12,2654.00,588312.04,221.17
amd-opteron-2214,57,14,3055.30,668459.79,218.24
amd-opteron-2214,58,18,3940.10,865209.29,218.89
amd-opteron-2214,59,13,2856.90,630191.39,219.76
amd-opteron-2214,60,12,2580.80,557402.02,215.07
amd-opteron-2214,61,7,1503.90,324229.75,214.84
amd-opteron-2214,62,3,637.70,136223.89,212.57
amd-opteron-2214,63,9,2009.50,449373.19,223.28
amd-opteron-2214,64,13,2784.60,597926.42,214.20
amd-opteron-2214,65,12,2599.30,563967.63,216.61
amd-opteron-2214,66,17,3641.40,780733.34,214.20
amd-opteron-2214,67,10,2128.60,454256.78,212.86
amd-opteron-2214,68,9,1913.20,407687.42,212.58
amd-opteron-2214,69,13,2760.30,587470.27,212.33
amd-opteron-2214,70,4,857.60,184022.02,214.40
amd-opteron-2214,71,6,1295.50,280364.65,215.92
amd-opteron-2214,72,6,1342.40,300499.72,223.73
amd-opteron-2214,73,9,1966.00,430754.04,218.44
amd-opteron-2214,74,122,27568.30,6230565.71,225.97
amd-opteron-2214,75,809,179742.40,39969767.10,222.18
amd-opteron-2214,76,22,4843.30,1072088.17,220.15
amd-opteron-2214,77,21,4789.40,1097750.72,228.07
amd-opteron-2214,78,24,5551.20,1288092.60,231.30
amd-opteron-2214,79,13,2906.80,653503.04,223.60
amd-opteron-2214,80,18,4146.20,959111.72,230.34
amd-opteron-2214,81,30,6971.50,1625763.49,232.38
amd-opteron-2214,82,31,7194.60,1676083.32,232.08
amd-opteron-2214,83,17,3987.90,936841.69,234.58
amd-opteron-2214,84,24,5631.10,1322463.17,234.63
amd-opteron-2214,85,21,4811.90,1106587.95,229.14
amd-opteron-2214,86,14,3251.70,758383.99,232.26
amd-opteron-2214,87,1,237.00,56169.00,237.00
amd-opteron-2214,88,3,678.70,154469.71,226.23
amd-opteron-2214,89,2,440.40,97560.90,220.20
amd-opteron-2214,90,4,856.60,184619.18,214.15
amd-opteron-2214,91,4,888.70,198389.61,222.18
amd-opteron-2214,92,5,1019.70,207995.39,203.94
amd-opteron-2214,93,4,952.40,226902.70,238.10
amd-opteron-2214,94,4,920.00,212237.94,230.00
amd-opteron-2214,95,6,1401.80,327915.32,233.63
amd-opteron-2214,96,11,2624.10,626098.61,238.55
amd-opteron-2214,97,24,5725.50,1366169.55,238.56
amd-opteron-2214,98,54,12955.00,3108462.94,239.91
amd-opteron-2214,99,216,51816.40,12440590.34,239.89
amd-opteron-2214,100,309,73706.10,17622582.01,238.53
intel-xeon,0,1160,181734.50,28486977.27,156.67
intel-xeon,1,50,7852.70,1233333.19,157.05
intel-xeon,2,165,26055.90,4116649.91,157.91
intel-xeon,3,114,18289.20,2942109.30,160.43
intel-xeon,4,95,15134.40,2412579.76,159.31
intel-xeon,5,40,6320.20,998785.44,158.00
intel-xeon,6,17,2718.70,435769.25,159.92
intel-xeon,7,14,2370.10,407986.57,169.29
intel-xeon,8,11,1871.60,324889.16,170.15
intel-xeon,9,11,1812.30,300916.33,164.75
intel-xeon,10,6,1022.70,178905.51,170.45
intel-xeon,11,13,2200.00,378311.02,169.23
intel-xeon,12,12,2144.00,385660.92,178.67
intel-xeon,13,9,1626.20,297000.24,180.69
intel-xeon,14,6,987.60,163704.42,164.60
intel-xeon,15,6,1076.40,195788.36,179.40
intel-xeon,16,12,1999.70,334215.77,166.64
intel-xeon,17,7,1218.90,215954.57,174.13
intel-xeon,18,6,1171.20,237975.62,195.20
intel-xeon,19,4,706.20,125249.26,176.55
intel-xeon,20,3,497.10,82846.01,165.70
intel-xeon,21,9,1580.60,280537.98,175.62
intel-xeon,22,5,930.80,174621.94,186.16
intel-xeon,23,3,504.90,85818.33,168.30
intel-xeon,24,8,1330.70,222884.73,166.34
intel-xeon,25,6,1095.50,202464.71,182.58
intel-xeon,26,7,1318.90,252112.47,188.41
intel-xeon,27,8,1437.80,261299.90,179.72
intel-xeon,28,7,1278.00,236103.64,182.57
intel-xeon,29,7,1256.50,227447.89,179.50
intel-xeon,30,10,1953.40,390934.72,195.34
intel-xeon,31,14,2535.10,464259.73,181.08
intel-xeon,32,7,1355.90,267457.33,193.70
intel-xeon,33,6,1195.60,241853.52,199.27
intel-xeon,34,6,1143.90,219634.63,190.65
intel-xeon,35,8,1554.50,303938.63,194.31
intel-xeon,36,7,1412.90,287492.43,201.84
intel-xeon,37,4,791.70,158908.23,197.93
intel-xeon,38,6,1184.10,235674.67,197.35
intel-xeon,39,6,1181.30,234915.71,196.88
intel-xeon,40,3,601.20,120626.82,200.40
intel-xeon,41,6,1161.60,230028.14,193.60
intel-xeon,42,2,372.00,70639.22,186.00
intel-xeon,43,1,243.40,59243.56,243.40
intel-xeon,44,3,609.90,127574.09,203.30
intel-xeon,45,6,1223.50,254150.35,203.92
intel-xeon,46,3,629.70,132277.49,209.90
intel-xeon,47,5,1070.30,229137.71,214.06
intel-xeon,48,14,3040.50,665457.49,217.18
intel-xeon,49,23,5034.80,1109645.50,218.90
intel-xeon,50,1581,352112.90,78553142.25,222.72
intel-xeon,51,53,11429.40,2471527.80,215.65
intel-xeon,52,23,5181.00,1172725.40,225.26
intel-xeon,53,13,3074.30,732045.47,236.48
intel-xeon,54,36,8497.00,2031713.00,236.03
intel-xeon,55,35,7844.10,1803308.39,224.12
intel-xeon,56,25,5724.80,1336039.26,228.99
intel-xeon,57,31,7277.90,1743144.01,234.77
intel-xeon,58,26,6252.20,1525005.74,240.47
intel-xeon,59,35,7347.70,1602119.17,209.93
intel-xeon,60,36,8336.30,1981581.05,231.56
intel-xeon,61,26,5795.60,1324092.76,222.91
intel-xeon,62,37,9033.20,2217781.16,244.14
intel-xeon,63,43,9988.90,2364343.33,232.30
intel-xeon,64,47,11166.90,2693730.15,237.59
intel-xeon,65,29,6615.40,1539305.70,228.12
intel-xeon,66,18,4393.40,1081434.44,244.08
intel-xeon,67,16,3715.10,884494.47,232.19
intel-xeon,69,8,1949.60,475396.08,243.70
intel-xeon,70,10,2296.40,536672.00,229.64
intel-xeon,71,2,488.00,119104.00,244.00
intel-xeon,72,2,494.30,122168.89,247.15
intel-xeon,73,3,650.70,146393.97,216.90
intel-xeon,74,4,994.60,249912.22,248.65
intel-xeon,75,5,1182.20,280407.44,236.44
intel-xeon,76,3,792.70,211313.21,264.23
intel-xeon,77,3,729.20,177487.66,243.07
intel-xeon,78,5,1246.00,310785.30,249.20
intel-xeon,79,3,798.90,213802.73,266.30
intel-xeon,80,4,965.00,234840.54,241.25
intel-xeon,81,5,1259.20,317670.82,251.84
intel-xeon,82,9,2178.80,529785.52,242.09
intel-xeon,83,2,482.40,117497.30,241.20
intel-xeon,84,6,1421.60,338732.40,236.93
intel-xeon,85,8,1965.10,483854.09,245.64
intel-xeon,86,6,1525.50,388743.79,254.25
intel-xeon,87,6,1574.10,414706.85,262.35
intel-xeon,88,8,2008.80,508470.62,251.10
intel-xeon,89,13,3167.00,771814.68,243.62
intel-xeon,90,27,6518.20,1585080.86,241.41
intel-xeon,91,57,14018.40,3449258.44,245.94
intel-xeon,92,16,3981.40,991603.90,248.84
intel-xeon,93,36,8912.80,2207251.96,247.58
intel-xeon,94,8,2107.70,555785.09,263.46
intel-xeon,95,75,19830.30,5243717.31,264.40
intel-xeon,96,16,4354.50,1186284.21,272.16
intel-xeon,97,598,163739.60,44868540.48,273.81
intel-xeon,98,280,76426.40,20871034.00,272.95
intel-xeon,99,258,73847.20,21145797.58,286.23
intel-xeon,100,663,184926.70,52099124.41,278.92
intel-xeon-e5420,0,1620475,234995980.00,34307666000.00,145.02
intel-xeon-e5420,1,20765,3124560.00,475478752.00,150.47
intel-xeon-e5420,2,15292,2318896.00,356077760.00,151.64
intel-xeon-e5420,3,16661,2523296.00,385990080.00,151.45
intel-xeon-e5420,4,12551,1906292.00,292814768.00,151.88
intel-xeon-e5420,5,19975,2996024.00,454219552.00,149.99
intel-xeon-e5420,6,9708,1506108.00,236875984.00,155.14
intel-xeon-e5420,7,9433,1469924.00,232251952.00,155.83
intel-xeon-e5420,8,10788,1666004.00,261209168.00,154.43
intel-xeon-e5420,9,12059,1886588.00,298731600.00,156.45
intel-xeon-e5420,10,13224,2076196.00,330161104.00,157.00
intel-xeon-e5420,11,18379,2924720.00,470049728.00,159.13
intel-xeon-e5420,12,520145,85569620.00,14179544848.00,164.51
intel-xeon-e5420,13,23990,3950556.00,659037680.00,164.68
intel-xeon-e5420,14,19539,3240772.00,544163088.00,165.86
intel-xeon-e5420,15,13718,2288300.00,387154608.00,166.81
intel-xeon-e5420,16,12867,2153148.00,365239888.00,167.34
intel-xeon-e5420,17,12934,2179120.00,372202944.00,168.48
intel-xeon-e5420,18,11921,2017596.00,346433776.00,169.25
intel-xeon-e5420,19,12894,2184516.00,375521648.00,169.42
intel-xeon-e5420,20,14918,2532096.00,435810848.00,169.73
intel-xeon-e5420,21,22290,3823060.00,662797296.00,171.51
intel-xeon-e5420,22,100040,17413876.00,3048896656.00,174.07
intel-xeon-e5420,23,38914,6775388.00,1189434416.00,174.11
intel-xeon-e5420,24,72309,12658756.00,2233454480.00,175.06
intel-xeon-e5420,25,535458,97563920.00,17923204416.00,182.21
intel-xeon-e5420,26,27595,5009772.00,921326192.00,181.55
intel-xeon-e5420,27,21412,3862672.00,705424896.00,180.40
intel-xeon-e5420,28,17034,3081376.00,564470080.00,180.90
intel-xeon-e5420,29,18325,3363500.00,624904464.00,183.55
intel-xeon-e5420,30,19199,3536420.00,659338544.00,184.20
intel-xeon-e5420,31,18470,3398004.00,632650640.00,183.97
intel-xeon-e5420,32,21881,4040120.00,754463264.00,184.64
intel-xeon-e5420,33,25222,4640168.00,862546816.00,183.97
intel-xeon-e5420,34,51241,9657296.00,1834420960.00,188.47
intel-xeon-e5420,35,57669,10809672.00,2041448704.00,187.44
intel-xeon-e5420,36,49011,9199048.00,1741883584.00,187.69
intel-xeon-e5420,37,443188,86439824.00,16993841600.00,195.04
intel-xeon-e5420,38,42214,8282976.00,1641386176.00,196.21
intel-xeon-e5420,39,34373,6630364.00,1291784880.00,192.89
intel-xeon-e5420,40,27673,5288640.00,1022156096.00,191.11
intel-xeon-e5420,41,27050,5181004.00,1003709680.00,191.53
intel-xeon-e5420,42,24741,4806560.00,943930784.00,194.28
intel-xeon-e5420,43,33795,6555376.00,1284348704.00,193.97
intel-xeon-e5420,44,40440,7931016.00,1568378912.00,196.12
intel-xeon-e5420,45,45214,8947584.00,1785502048.00,197.89
intel-xeon-e5420,46,65902,12913856.00,2554635616.00,195.96
intel-xeon-e5420,47,112805,22661704.00,4585105376.00,200.89
intel-xeon-e5420,48,67397,13608588.00,2768894608.00,201.92
intel-xeon-e5420,49,112612,22735824.00,4625557120.00,201.90
intel-xeon-e5420,50,425682,88211176.00,18407853344.00,207.22
intel-xeon-e5420,51,32418,6620620.00,1365011312.00,204.23
intel-xeon-e5420,52,26605,5440192.00,1123372512.00,204.48
intel-xeon-e5420,53,25913,5311400.00,1099678560.00,204.97
intel-xeon-e5420,54,26255,5394108.00,1119237168.00,205.45
intel-xeon-e5420,55,30033,6212240.00,1296911488.00,206.85
intel-xeon-e5420,56,32125,6658864.00,1392674368.00,207.28
intel-xeon-e5420,57,46244,9636128.00,2023361216.00,208.38
intel-xeon-e5420,58,49368,10259864.00,2148050688.00,207.82
intel-xeon-e5420,59,61072,12720080.00,2669724608.00,208.28
intel-xeon-e5420,60,66734,14002496.00,2957024352.00,209.83
intel-xeon-e5420,61,68629,14357708.00,3024739504.00,209.21
intel-xeon-e5420,62,313100,66685012.00,14288444368.00,212.98
intel-xeon-e5420,63,45300,9581300.00,2041954640.00,211.51
intel-xeon-e5420,64,38664,8144508.00,1729001584.00,210.65
intel-xeon-e5420,65,37362,7858388.00,1665965104.00,210.33
intel-xeon-e5420,66,38205,8026716.00,1699602576.00,210.10
intel-xeon-e5420,67,39401,8329084.00,1774096464.00,211.39
intel-xeon-e5420,68,48301,10273124.00,2200264272.00,212.69
intel-xeon-e5420,69,59644,12744488.00,2739935712.00,213.68
intel-xeon-e5420,70,70601,15146644.00,3268612176.00,214.54
intel-xeon-e5420,71,91064,19530220.00,4214066992.00,214.47
intel-xeon-e5420,72,105604,22781824.00,4941948384.00,215.73
intel-xeon-e5420,73,80227,17183296.00,3704256992.00,214.18
intel-xeon-e5420,74,120130,25875296.00,5608719936.00,215.39
intel-xeon-e5420,75,428946,94813100.00,21085503024.00,221.04
intel-xeon-e5420,76,49215,10643300.00,2318989392.00,216.26
intel-xeon-e5420,77,45805,9846972.00,2134394608.00,214.98
intel-xeon-e5420,78,45131,9715900.00,2108727920.00,215.28
intel-xeon-e5420,79,52378,11299444.00,2456137424.00,215.73
intel-xeon-e5420,80,55065,11902712.00,2591644192.00,216.16
intel-xeon-e5420,81,63506,13770296.00,3010862528.00,216.83
intel-xeon-e5420,82,78298,16981020.00,3713013200.00,216.88
intel-xeon-e5420,83,84564,18501684.00,4077046320.00,218.79
intel-xeon-e5420,84,99656,21766856.00,4792334880.00,218.42
intel-xeon-e5420,85,91909,20106164.00,4431274160.00,218.76
intel-xeon-e5420,86,107625,23634444.00,5221491824.00,219.60
intel-xeon-e5420,87,376344,84359984.00,19053841888.00,224.16
intel-xeon-e5420,88,49747,11026320.00,2458509632.00,221.65
intel-xeon-e5420,89,47206,10493800.00,2345034048.00,222.30
intel-xeon-e5420,90,49227,10919956.00,2435126160.00,221.83
intel-xeon-e5420,91,57917,12923592.00,2897907168.00,223.14
intel-xeon-e5420,92,69872,15709820.00,3549150352.00,224.84
intel-xeon-e5420,93,76668,17242736.00,3896853120.00,224.90
intel-xeon-e5420,94,96019,21651316.00,4903260368.00,225.49
intel-xeon-e5420,95,100897,22812680.00,5183004192.00,226.10
intel-xeon-e5420,96,129237,29432352.00,6736423648.00,227.74
intel-xeon-e5420,97,133796,30351720.00,6918276000.00,226.85
intel-xeon-e5420,98,208195,46792216.00,10560460512.00,224.75
intel-xeon-e5420,99,376231,86778688.00,20113799840.00,230.65
intel-xeon-e5420,100,855913,192419068.00,43584475536.00,224.81
intel-xeon-e5420-disk-raid0,0,123,18664.00,2833504.00,151.74
intel-xeon-e5420-disk-raid0,2,1,168.00,28224.00,168.00
intel-xeon-e5420-disk-raid0,4,1,152.00,23104.00,152.00
intel-xeon-e5420-disk-raid0,9,1,156.00,24336.00,156.00
intel-xeon-e5420-disk-raid0,11,1,164.00,26896.00,164.00
intel-xeon-e5420-disk-raid0,12,16,2732.00,468400.00,170.75
intel-xeon-e5420-disk-raid0,15,1,168.00,28224.00,168.00
intel-xeon-e5420-disk-raid0,18,2,344.00,59168.00,172.00
intel-xeon-e5420-disk-raid0,19,1,152.00,23104.00,152.00
intel-xeon-e5420-disk-raid0,22,2,356.00,63376.00,178.00
intel-xeon-e5420-disk-raid0,25,37,6576.00,1169760.00,177.73
intel-xeon-e5420-disk-raid0,26,1,188.00,35344.00,188.00
intel-xeon-e5420-disk-raid0,28,5,868.00,151376.00,173.60
intel-xeon-e5420-disk-raid0,29,4,740.00,137520.00,185.00
intel-xeon-e5420-disk-raid0,30,2,368.00,68224.00,184.00
intel-xeon-e5420-disk-raid0,31,1,184.00,33856.00,184.00
intel-xeon-e5420-disk-raid0,32,5,936.00,176448.00,187.20
intel-xeon-e5420-disk-raid0,33,7,1284.00,236464.00,183.43
intel-xeon-e5420-disk-raid0,34,7,1244.00,221744.00,177.71
intel-xeon-e5420-disk-raid0,35,3,584.00,114496.00,194.67
intel-xeon-e5420-disk-raid0,36,2,400.00,80288.00,200.00
intel-xeon-e5420-disk-raid0,37,133,25576.00,4929024.00,192.30
intel-xeon-e5420-disk-raid0,38,4,800.00,161088.00,200.00
intel-xeon-e5420-disk-raid0,39,3,568.00,107808.00,189.33
intel-xeon-e5420-disk-raid0,40,6,1080.00,195360.00,180.00
intel-xeon-e5420-disk-raid0,41,3,584.00,113760.00,194.67
intel-xeon-e5420-disk-raid0,42,3,608.00,123744.00,202.67
intel-xeon-e5420-disk-raid0,43,5,984.00,194656.00,196.80
intel-xeon-e5420-disk-raid0,44,9,1812.00,366736.00,201.33
intel-xeon-e5420-disk-raid0,45,3,556.00,103088.00,185.33
intel-xeon-e5420-disk-raid0,46,5,976.00,191360.00,195.20
intel-xeon-e5420-disk-raid0,47,7,1380.00,273200.00,197.14
intel-xeon-e5420-disk-raid0,48,6,1224.00,250400.00,204.00
intel-xeon-e5420-disk-raid0,49,4,816.00,167008.00,204.00
intel-xeon-e5420-disk-raid0,50,95,19460.00,3992880.00,204.84
intel-xeon-e5420-disk-raid0,51,3,576.00,110688.00,192.00
intel-xeon-e5420-disk-raid0,52,1,216.00,46656.00,216.00
intel-xeon-e5420-disk-raid0,53,1,228.00,51984.00,228.00
intel-xeon-e5420-disk-raid0,54,2,412.00,84880.00,206.00
intel-xeon-e5420-disk-raid0,57,2,404.00,81616.00,202.00
intel-xeon-e5420-disk-raid0,58,1,212.00,44944.00,212.00
intel-xeon-e5420-disk-raid0,59,9,1904.00,403040.00,211.56
intel-xeon-e5420-disk-raid0,60,5,1060.00,225072.00,212.00
intel-xeon-e5420-disk-raid0,61,2,424.00,89920.00,212.00
intel-xeon-e5420-disk-raid0,62,7,1464.00,306272.00,209.14
intel-xeon-e5420-disk-raid0,72,1,220.00,48400.00,220.00
intel-xeon-e5420-disk-raid0,74,1,216.00,46656.00,216.00
intel-xeon-e5420-disk-raid0,100,1,236.00,55696.00,236.00
intel-xeon-e5420-ssd-noraid,0,2587,374748.00,54378128.00,144.86
intel-xeon-e5420-ssd-noraid,1,7,1096.00,172928.00,156.57
intel-xeon-e5420-ssd-noraid,2,2,304.00,46240.00,152.00
intel-xeon-e5420-ssd-noraid,3,3,448.00,67232.00,149.33
intel-xeon-e5420-ssd-noraid,4,1,152.00,23104.00,152.00
intel-xeon-e5420-ssd-noraid,6,5,784.00,123360.00,156.80
intel-xeon-e5420-ssd-noraid,7,3,448.00,67072.00,149.33
intel-xeon-e5420-ssd-noraid,8,1,168.00,28224.00,168.00
intel-xeon-e5420-ssd-noraid,9,3,444.00,65744.00,148.00
intel-xeon-e5420-ssd-noraid,11,4,664.00,113056.00,166.00
intel-xeon-e5420-ssd-noraid,12,420,66876.00,10675792.00,159.23
intel-xeon-e5420-ssd-noraid,13,5,792.00,125952.00,158.40
intel-xeon-e5420-ssd-noraid,14,3,508.00,86032.00,169.33
intel-xeon-e5420-ssd-noraid,15,3,568.00,108192.00,189.33
intel-xeon-e5420-ssd-noraid,16,5,840.00,141568.00,168.00
intel-xeon-e5420-ssd-noraid,17,6,996.00,167312.00,166.00
intel-xeon-e5420-ssd-noraid,18,2,344.00,59680.00,172.00
intel-xeon-e5420-ssd-noraid,19,4,608.00,92768.00,152.00
intel-xeon-e5420-ssd-noraid,20,8,1368.00,235424.00,171.00
intel-xeon-e5420-ssd-noraid,21,2,308.00,47632.00,154.00
intel-xeon-e5420-ssd-noraid,22,6,936.00,146400.00,156.00
intel-xeon-e5420-ssd-noraid,23,6,1044.00,182192.00,174.00
intel-xeon-e5420-ssd-noraid,24,5,836.00,139920.00,167.20
intel-xeon-e5420-ssd-noraid,25,555,95928.00,16642016.00,172.84
intel-xeon-e5420-ssd-noraid,26,9,1616.00,292640.00,179.56
intel-xeon-e5420-ssd-noraid,27,13,2268.00,396368.00,174.46
intel-xeon-e5420-ssd-noraid,28,15,2564.00,440656.00,170.93
intel-xeon-e5420-ssd-noraid,29,10,1800.00,325184.00,180.00
intel-xeon-e5420-ssd-noraid,30,12,2088.00,364800.00,174.00
intel-xeon-e5420-ssd-noraid,31,14,2532.00,461264.00,180.86
intel-xeon-e5420-ssd-noraid,32,27,4748.00,841104.00,175.85
intel-xeon-e5420-ssd-noraid,33,23,4068.00,724208.00,176.87
intel-xeon-e5420-ssd-noraid,34,22,3908.00,697744.00,177.64
intel-xeon-e5420-ssd-noraid,35,19,3536.00,663584.00,186.11
intel-xeon-e5420-ssd-noraid,36,30,5468.00,1000016.00,182.27
intel-xeon-e5420-ssd-noraid,37,1341,249860.00,46770800.00,186.32
intel-xeon-e5420-ssd-noraid,38,20,3756.00,709008.00,187.80
intel-xeon-e5420-ssd-noraid,39,20,3692.00,686000.00,184.60
intel-xeon-e5420-ssd-noraid,40,25,4696.00,887872.00,187.84
intel-xeon-e5420-ssd-noraid,41,20,3776.00,717536.00,188.80
intel-xeon-e5420-ssd-noraid,42,17,3164.00,594416.00,186.12
intel-xeon-e5420-ssd-noraid,43,25,4796.00,927056.00,191.84
intel-xeon-e5420-ssd-noraid,44,17,3124.00,579056.00,183.76
intel-xeon-e5420-ssd-noraid,45,18,3372.00,633168.00,187.33
intel-xeon-e5420-ssd-noraid,46,20,3660.00,674896.00,183.00
intel-xeon-e5420-ssd-noraid,47,16,3124.00,612624.00,195.25
intel-xeon-e5420-ssd-noraid,48,21,3924.00,736848.00,186.86
intel-xeon-e5420-ssd-noraid,49,32,6412.00,1290384.00,200.38
intel-xeon-e5420-ssd-noraid,50,1832,362744.00,72192224.00,198.00
intel-xeon-e5420-ssd-noraid,51,2,408.00,83264.00,204.00
intel-xeon-e5420-ssd-noraid,52,7,1476.00,312112.00,210.86
intel-xeon-e5420-ssd-noraid,53,8,1608.00,324256.00,201.00
intel-xeon-e5420-ssd-noraid,54,11,2152.00,421856.00,195.64
intel-xeon-e5420-ssd-noraid,55,3,616.00,126624.00,205.33
intel-xeon-e5420-ssd-noraid,56,9,1752.00,344288.00,194.67
intel-xeon-e5420-ssd-noraid,57,6,1248.00,261888.00,208.00
intel-xeon-e5420-ssd-noraid,58,4,832.00,173184.00,208.00
intel-xeon-e5420-ssd-noraid,59,9,1784.00,355232.00,198.22
intel-xeon-e5420-ssd-noraid,60,6,1208.00,244000.00,201.33
intel-xeon-e5420-ssd-noraid,61,13,2640.00,537664.00,203.08
intel-xeon-e5420-ssd-noraid,62,371,76536.00,15835424.00,206.30
intel-xeon-e5420-ssd-noraid,63,4,820.00,168304.00,205.00
intel-xeon-e5420-ssd-noraid,65,3,600.00,124064.00,200.00
intel-xeon-e5420-ssd-noraid,66,6,1164.00,229744.00,194.00
intel-xeon-e5420-ssd-noraid,67,2,416.00,86560.00,208.00
intel-xeon-e5420-ssd-noraid,68,1,188.00,35344.00,188.00
intel-xeon-e5420-ssd-noraid,69,2,376.00,71488.00,188.00
intel-xeon-e5420-ssd-noraid,70,3,628.00,131856.00,209.33
intel-xeon-e5420-ssd-noraid,71,3,644.00,138320.00,214.67
intel-xeon-e5420-ssd-noraid,72,1,208.00,43264.00,208.00
intel-xeon-e5420-ssd-noraid,73,1,196.00,38416.00,196.00
intel-xeon-e5420-ssd-noraid,74,2,440.00,96928.00,220.00
intel-xeon-e5420-ssd-noraid,75,63,13404.00,2859696.00,212.76
intel-xeon-e5420-ssd-noraid,77,1,192.00,36864.00,192.00
intel-xeon-e5420-ssd-noraid,80,1,220.00,48400.00,220.00
intel-xeon-e5420-ssd-noraid,84,1,212.00,44944.00,212.00
intel-xeon-e5420-ssd-noraid,87,16,3532.00,780304.00,220.75
intel-xeon-e5420-ssd-noraid,90,1,220.00,48400.00,220.00
intel-xeon-e5420-ssd-noraid,93,1,188.00,35344.00,188.00
intel-xeon-e5420-ssd-noraid,98,1,228.00,51984.00,228.00
intel-xeon-e5420-ssd-noraid,99,3,660.00,145424.00,220.00
intel-xeon-e5420-ssd-noraid,100,24,5248.00,1150624.00,218.67
intel-xeon-e5420-ssd-raid0,0,299,45184.00,6832160.00,151.12
intel-xeon-e5420-ssd-raid0,2,1,160.00,25600.00,160.00
intel-xeon-e5420-ssd-raid0,3,2,312.00,48800.00,156.00
intel-xeon-e5420-ssd-raid0,4,1,164.00,26896.00,164.00
intel-xeon-e5420-ssd-raid0,6,2,340.00,57872.00,170.00
intel-xeon-e5420-ssd-raid0,7,1,164.00,26896.00,164.00
intel-xeon-e5420-ssd-raid0,10,1,144.00,20736.00,144.00
intel-xeon-e5420-ssd-raid0,11,2,312.00,48800.00,156.00
intel-xeon-e5420-ssd-raid0,12,79,13268.00,2235312.00,167.95
intel-xeon-e5420-ssd-raid0,13,2,336.00,56960.00,168.00
intel-xeon-e5420-ssd-raid0,14,3,508.00,86096.00,169.33
intel-xeon-e5420-ssd-raid0,15,2,320.00,51488.00,160.00
intel-xeon-e5420-ssd-raid0,16,1,176.00,30976.00,176.00
intel-xeon-e5420-ssd-raid0,17,2,360.00,64928.00,180.00
intel-xeon-e5420-ssd-raid0,18,2,324.00,52688.00,162.00
intel-xeon-e5420-ssd-raid0,20,3,508.00,86096.00,169.33
intel-xeon-e5420-ssd-raid0,22,3,488.00,79776.00,162.67
intel-xeon-e5420-ssd-raid0,24,2,316.00,50000.00,158.00
intel-xeon-e5420-ssd-raid0,25,112,20148.00,3635664.00,179.89
intel-xeon-e5420-ssd-raid0,26,1,188.00,35344.00,188.00
intel-xeon-e5420-ssd-raid0,27,3,544.00,98912.00,181.33
intel-xeon-e5420-ssd-raid0,28,1,176.00,30976.00,176.00
intel-xeon-e5420-ssd-raid0,30,6,1100.00,202320.00,183.33
intel-xeon-e5420-ssd-raid0,31,2,352.00,61952.00,176.00
intel-xeon-e5420-ssd-raid0,32,4,712.00,127264.00,178.00
intel-xeon-e5420-ssd-raid0,33,5,932.00,174064.00,186.40
intel-xeon-e5420-ssd-raid0,34,6,1112.00,210816.00,185.33
intel-xeon-e5420-ssd-raid0,35,3,552.00,101696.00,184.00
intel-xeon-e5420-ssd-raid0,36,3,572.00,109776.00,190.67
intel-xeon-e5420-ssd-raid0,37,285,55792.00,10970368.00,195.76
intel-xeon-e5420-ssd-raid0,38,3,584.00,113728.00,194.67
intel-xeon-e5420-ssd-raid0,39,9,1744.00,338624.00,193.78
intel-xeon-e5420-ssd-raid0,40,4,780.00,152880.00,195.00
intel-xeon-e5420-ssd-raid0,41,3,572.00,109584.00,190.67
intel-xeon-e5420-ssd-raid0,42,6,1240.00,256960.00,206.67
intel-xeon-e5420-ssd-raid0,43,4,776.00,150624.00,194.00
intel-xeon-e5420-ssd-raid0,44,3,608.00,123360.00,202.67
intel-xeon-e5420-ssd-raid0,45,7,1420.00,289264.00,202.86
intel-xeon-e5420-ssd-raid0,46,7,1368.00,268960.00,195.43
intel-xeon-e5420-ssd-raid0,47,6,1192.00,237216.00,198.67
intel-xeon-e5420-ssd-raid0,48,7,1424.00,291648.00,203.43
intel-xeon-e5420-ssd-raid0,49,9,1792.00,357664.00,199.11
intel-xeon-e5420-ssd-raid0,50,485,101164.00,21178352.00,208.59
intel-xeon-e5420-ssd-raid0,51,4,812.00,164944.00,203.00
intel-xeon-e5420-ssd-raid0,52,2,412.00,84880.00,206.00
intel-xeon-e5420-ssd-raid0,53,3,600.00,120032.00,200.00
intel-xeon-e5420-ssd-raid0,54,4,816.00,166560.00,204.00
intel-xeon-e5420-ssd-raid0,55,1,200.00,40000.00,200.00
intel-xeon-e5420-ssd-raid0,56,5,1012.00,205040.00,202.40
intel-xeon-e5420-ssd-raid0,57,1,220.00,48400.00,220.00
intel-xeon-e5420-ssd-raid0,58,6,1256.00,263136.00,209.33
intel-xeon-e5420-ssd-raid0,59,1,208.00,43264.00,208.00
intel-xeon-e5420-ssd-raid0,60,2,416.00,86528.00,208.00
intel-xeon-e5420-ssd-raid0,61,7,1484.00,314896.00,212.00
intel-xeon-e5420-ssd-raid0,62,100,22128.00,4903104.00,221.28
intel-xeon-e5420-ssd-raid0,66,2,408.00,83264.00,204.00
intel-xeon-e5420-ssd-raid0,68,1,232.00,53824.00,232.00
intel-xeon-e5420-ssd-raid0,71,2,424.00,89920.00,212.00
intel-xeon-e5420-ssd-raid0,73,1,220.00,48400.00,220.00
intel-xeon-e5420-ssd-raid0,74,1,216.00,46656.00,216.00
intel-xeon-e5420-ssd-raid0,75,34,7488.00,1650976.00,220.24
intel-xeon-e5420-ssd-raid0,78,1,228.00,51984.00,228.00
intel-xeon-e5420-ssd-raid0,85,1,224.00,50176.00,224.00
intel-xeon-e5420-ssd-raid0,87,4,904.00,204320.00,226.00
intel-xeon-e5420-ssd-raid0,100,3,688.00,158080.00,229.33
intel-xeon-e5520,0,158805,18116620.00,2072732912.00,114.08
intel-xeon-e5520,1,2649,306700.00,36205008.00,115.78
intel-xeon-e5520,2,1415,168412.00,20303760.00,119.02
intel-xeon-e5520,3,1948,234300.00,28504208.00,120.28
intel-xeon-e5520,4,3092,364096.00,43149760.00,117.75
intel-xeon-e5520,5,2012,241704.00,29316480.00,120.13
intel-xeon-e5520,6,1257,154924.00,19264496.00,123.25
intel-xeon-e5520,7,1265,156780.00,19591056.00,123.94
intel-xeon-e5520,8,1446,181324.00,22989200.00,125.40
intel-xeon-e5520,9,1831,228648.00,28798432.00,124.88
intel-xeon-e5520,10,1892,240464.00,30779744.00,127.10
intel-xeon-e5520,11,2739,354196.00,46221520.00,129.32
intel-xeon-e5520,12,159967,21534592.00,2914679936.00,134.62
intel-xeon-e5520,13,3894,523132.00,71595696.00,134.34
intel-xeon-e5520,14,3199,429016.00,58685024.00,134.11
intel-xeon-e5520,15,2373,320112.00,44106752.00,134.90
intel-xeon-e5520,16,2452,335196.00,47086480.00,136.70
intel-xeon-e5520,17,2331,321324.00,44951696.00,137.85
intel-xeon-e5520,18,1626,226012.00,32089584.00,139.00
intel-xeon-e5520,19,1807,250632.00,35493728.00,138.70
intel-xeon-e5520,20,2126,296332.00,42047856.00,139.38
intel-xeon-e5520,21,3394,480544.00,69085984.00,141.59
intel-xeon-e5520,22,5292,762244.00,110613232.00,144.04
intel-xeon-e5520,23,5125,746608.00,109475520.00,145.68
intel-xeon-e5520,24,10478,1553048.00,232082816.00,148.22
intel-xeon-e5520,25,146673,22366460.00,3437537264.00,152.49
intel-xeon-e5520,26,5482,826064.00,127362464.00,150.69
intel-xeon-e5520,27,4164,622560.00,94559744.00,149.51
intel-xeon-e5520,28,3001,453256.00,70492384.00,151.03
intel-xeon-e5520,29,2653,403476.00,62783664.00,152.08
intel-xeon-e5520,30,2118,322772.00,50102256.00,152.39
intel-xeon-e5520,31,2871,449484.00,71261200.00,156.56
intel-xeon-e5520,32,2839,446772.00,71059824.00,157.37
intel-xeon-e5520,33,3174,492592.00,77569632.00,155.20
intel-xeon-e5520,34,3559,553012.00,87025520.00,155.38
intel-xeon-e5520,35,3397,528636.00,83240496.00,155.62
intel-xeon-e5520,36,5461,865352.00,138329952.00,158.46
intel-xeon-e5520,37,138052,22650200.00,3751136000.00,164.07
intel-xeon-e5520,38,8858,1497028.00,255435280.00,169.00
intel-xeon-e5520,39,5066,848140.00,143302512.00,167.42
intel-xeon-e5520,40,3256,537940.00,89886448.00,165.21
intel-xeon-e5520,41,2796,456792.00,75565280.00,163.37
intel-xeon-e5520,42,2557,413248.00,68157408.00,161.61
intel-xeon-e5520,43,2970,491672.00,82710912.00,165.55
intel-xeon-e5520,44,2374,391240.00,65398848.00,164.80
intel-xeon-e5520,45,2845,470848.00,78855968.00,165.50
intel-xeon-e5520,46,8033,1395328.00,244432960.00,173.70
intel-xeon-e5520,47,5170,904900.00,160450608.00,175.03
intel-xeon-e5520,48,4118,689748.00,116797584.00,167.50
intel-xeon-e5520,49,12179,2080752.00,357472256.00,170.85
intel-xeon-e5520,50,89031,15618248.00,2760325024.00,175.42
intel-xeon-e5520,51,4853,860652.00,153813488.00,177.34
intel-xeon-e5520,52,3123,549320.00,97775680.00,175.89
intel-xeon-e5520,53,2721,476256.00,84182592.00,175.03
intel-xeon-e5520,54,2407,419968.00,74327328.00,174.48
intel-xeon-e5520,55,2217,380656.00,66946560.00,171.70
intel-xeon-e5520,56,2297,396848.00,69749664.00,172.77
intel-xeon-e5520,57,2709,477136.00,84984448.00,176.13
intel-xeon-e5520,58,3560,635472.00,114414400.00,178.50
intel-xeon-e5520,59,4082,737772.00,134028368.00,180.74
intel-xeon-e5520,60,3186,572540.00,103903440.00,179.70
intel-xeon-e5520,61,5507,988172.00,178356464.00,179.44
intel-xeon-e5520,62,59169,10881864.00,2029385248.00,183.91
intel-xeon-e5520,63,4957,918048.00,171524832.00,185.20
intel-xeon-e5520,64,3806,705560.00,132063840.00,185.38
intel-xeon-e5520,65,2843,511732.00,93480176.00,180.00
intel-xeon-e5520,66,2277,412580.00,75676528.00,181.19
intel-xeon-e5520,67,2245,409856.00,76121600.00,182.56
intel-xeon-e5520,68,2477,450580.00,83956144.00,181.91
intel-xeon-e5520,69,3691,657684.00,121238704.00,178.19
intel-xeon-e5520,70,3249,596864.00,111051872.00,183.71
intel-xeon-e5520,71,4078,765560.00,144717568.00,187.73
intel-xeon-e5520,72,5396,1032388.00,198670704.00,191.32
intel-xeon-e5520,73,4145,783168.00,149250912.00,188.94
intel-xeon-e5520,74,7188,1358864.00,258898784.00,189.05
intel-xeon-e5520,75,58553,11527248.00,2301872256.00,196.87
intel-xeon-e5520,76,4254,831208.00,163900320.00,195.39
intel-xeon-e5520,77,6170,1173276.00,224707792.00,190.16
intel-xeon-e5520,78,7256,1365528.00,258670784.00,188.19
intel-xeon-e5520,79,5402,1004040.00,190404352.00,185.86
intel-xeon-e5520,80,10837,2007600.00,383355424.00,185.25
intel-xeon-e5520,81,8493,1594704.00,305383232.00,187.77
intel-xeon-e5520,82,5610,1032716.00,196373360.00,184.08
intel-xeon-e5520,83,5173,991228.00,193330896.00,191.62
intel-xeon-e5520,84,6176,1220672.00,245525440.00,197.65
intel-xeon-e5520,85,6147,1157964.00,227618096.00,188.38
intel-xeon-e5520,86,12486,2390044.00,472239184.00,191.42
intel-xeon-e5520,87,54533,10694264.00,2166304320.00,196.11
intel-xeon-e5520,88,14538,2710336.00,527624736.00,186.43
intel-xeon-e5520,89,18057,3404500.00,664509552.00,188.54
intel-xeon-e5520,90,18846,3593852.00,706074928.00,190.70
intel-xeon-e5520,91,19956,3753748.00,745083120.00,188.10
intel-xeon-e5520,92,28155,5410520.00,1072244032.00,192.17
intel-xeon-e5520,93,17067,3362576.00,670792256.00,197.02
intel-xeon-e5520,94,7825,1555332.00,313086736.00,198.76
intel-xeon-e5520,95,7570,1513304.00,305970208.00,199.91
intel-xeon-e5520,96,9135,1841612.00,373354800.00,201.60
intel-xeon-e5520,97,6002,1219924.00,249938864.00,203.25
intel-xeon-e5520,98,11452,2354420.00,486469616.00,205.59
intel-xeon-e5520,99,73117,14950472.00,3101551264.00,204.47
intel-xeon-e5520,100,142812,30203380.00,6483691248.00,211.49
intel-xeon-x5355,0,1584,366664.80,84877463.48,231.48
intel-xeon-x5355,1,19,4741.00,1189014.36,249.53
intel-xeon-x5355,2,24,5764.90,1389340.99,240.20
intel-xeon-x5355,3,13,3118.70,750228.59,239.90
intel-xeon-x5355,4,16,3897.80,956775.86,243.61
intel-xeon-x5355,5,30,7083.80,1679523.06,236.13
intel-xeon-x5355,6,4,1175.30,357400.53,293.82
intel-xeon-x5355,7,10,2466.00,614633.94,246.60
intel-xeon-x5355,8,12,3076.70,799395.87,256.39
intel-xeon-x5355,9,10,2544.00,652232.74,254.40
intel-xeon-x5355,10,3,792.90,210861.41,264.30
intel-xeon-x5355,11,5,1277.30,328017.59,255.46
intel-xeon-x5355,12,1104,294237.00,78524321.60,266.52
intel-xeon-x5355,13,19,5195.00,1428116.06,273.42
intel-xeon-x5355,14,48,12895.00,3478854.48,268.65
intel-xeon-x5355,15,14,3868.80,1077690.62,276.34
intel-xeon-x5355,16,14,3927.20,1113895.66,280.51
intel-xeon-x5355,17,12,3342.90,946834.07,278.57
intel-xeon-x5355,18,16,4338.20,1189594.02,271.14
intel-xeon-x5355,19,11,3290.70,1008061.91,299.15
intel-xeon-x5355,20,14,4338.40,1371648.52,309.89
intel-xeon-x5355,21,18,5386.10,1645340.59,299.23
intel-xeon-x5355,22,186,52347.50,14749560.93,281.44
intel-xeon-x5355,23,110,31538.70,9101229.23,286.72
intel-xeon-x5355,24,79,23698.70,7137760.47,299.98
intel-xeon-x5355,25,599,176065.90,51842049.57,293.93
intel-xeon-x5355,26,24,7203.00,2186368.40,300.12
intel-xeon-x5355,27,26,7812.90,2360017.23,300.50
intel-xeon-x5355,28,18,5540.60,1723705.82,307.81
intel-xeon-x5355,29,23,6884.70,2070370.69,299.33
intel-xeon-x5355,30,24,7025.50,2073062.61,292.73
intel-xeon-x5355,31,37,11116.60,3351994.64,300.45
intel-xeon-x5355,32,43,13182.00,4060360.64,306.56
intel-xeon-x5355,33,75,22424.90,6719534.37,299.00
intel-xeon-x5355,34,39,11746.70,3543824.17,301.20
intel-xeon-x5355,35,720,219902.00,67187232.76,305.42
intel-xeon-x5355,36,139,43083.20,13370972.86,309.95
intel-xeon-x5355,37,291,92593.30,29516594.07,318.19
intel-xeon-x5355,38,23,7362.00,2370075.60,320.09
intel-xeon-x5355,39,22,6867.10,2161260.05,312.14
intel-xeon-x5355,40,20,6360.90,2036858.49,318.05
intel-xeon-x5355,41,31,9899.10,3206143.97,319.33
intel-xeon-x5355,42,29,9304.10,3003299.33,320.83
intel-xeon-x5355,43,17,5663.90,1903160.01,333.17
intel-xeon-x5355,44,79,24885.20,7876842.48,315.00
intel-xeon-x5355,45,227,71539.80,22580615.28,315.15
intel-xeon-x5355,46,54,17589.70,5765386.37,325.74
intel-xeon-x5355,47,171,57019.70,19050899.95,333.45
intel-xeon-x5355,48,61,20478.70,6895529.63,335.72
intel-xeon-x5355,49,79,26835.20,9145951.60,339.69
intel-xeon-x5355,50,473,163680.30,56836672.71,346.05
intel-xeon-x5355,51,45,15106.20,5095394.28,335.69
intel-xeon-x5355,52,40,13750.30,4744127.03,343.76
intel-xeon-x5355,53,55,18426.60,6213432.80,335.03
intel-xeon-x5355,54,32,10714.20,3609029.08,334.82
intel-xeon-x5355,55,51,17029.40,5730700.56,333.91
intel-xeon-x5355,56,48,15958.20,5356923.04,332.46
intel-xeon-x5355,57,355,117974.20,39261073.28,332.32
intel-xeon-x5355,58,205,68645.00,23013832.66,334.85
intel-xeon-x5355,59,92,31888.60,11070938.30,346.62
intel-xeon-x5355,60,101,34476.80,11808623.70,341.35
intel-xeon-x5355,61,41,14263.80,4979364.44,347.90
intel-xeon-x5355,62,892,302140.40,102681339.64,338.72
intel-xeon-x5355,63,40,14044.00,4947484.86,351.10
intel-xeon-x5355,64,29,10072.20,3518085.28,347.32
intel-xeon-x5355,65,41,14256.10,4978405.31,347.71
intel-xeon-x5355,66,34,12042.20,4274343.02,354.18
intel-xeon-x5355,67,40,13672.00,4702266.76,341.80
intel-xeon-x5355,68,42,14684.30,5147889.73,349.63
intel-xeon-x5355,69,74,25491.30,8807739.93,344.48
intel-xeon-x5355,70,157,51864.80,17255448.08,330.35
intel-xeon-x5355,71,109,38360.70,13560953.99,351.93
intel-xeon-x5355,72,361,121313.20,40925759.62,336.05
intel-xeon-x5355,73,184,61412.10,20617034.81,333.76
intel-xeon-x5355,74,82,29910.50,10929771.21,364.76
intel-xeon-x5355,75,1517,555121.20,203325591.10,365.93
intel-xeon-x5355,76,51,18145.10,6475454.65,355.79
intel-xeon-x5355,77,99,35729.60,12910046.06,360.91
intel-xeon-x5355,78,81,29202.70,10552624.81,360.53
intel-xeon-x5355,79,52,18449.00,6559940.24,354.79
intel-xeon-x5355,80,55,19645.40,7035041.72,357.19
intel-xeon-x5355,81,53,19204.40,6972765.02,362.35
intel-xeon-x5355,82,55,19897.60,7208433.52,361.77
intel-xeon-x5355,83,113,39882.20,14101405.94,352.94
intel-xeon-x5355,84,163,57238.90,20127747.45,351.16
intel-xeon-x5355,85,143,50620.00,17943234.32,353.99
intel-xeon-x5355,86,61,22022.30,7979695.11,361.02
intel-xeon-x5355,87,616,220048.80,78658484.16,357.22
intel-xeon-x5355,88,48,17236.30,6192979.55,359.09
intel-xeon-x5355,89,91,32198.20,11411637.96,353.83
intel-xeon-x5355,90,116,41470.70,14834443.77,357.51
intel-xeon-x5355,91,116,41603.80,14942563.78,358.65
intel-xeon-x5355,92,93,33441.50,12033460.21,359.59
intel-xeon-x5355,93,143,51372.40,18468210.46,359.25
intel-xeon-x5355,94,350,125230.50,44830035.91,357.80
intel-xeon-x5355,95,236,84976.70,30625918.55,360.07
intel-xeon-x5355,96,186,67971.40,24859648.54,365.44
intel-xeon-x5355,97,494,177040.00,63487670.72,358.38
intel-xeon-x5355,98,202,73575.70,26827462.63,364.24
intel-xeon-x5355,99,837,302562.10,109447230.51,361.48
intel-xeon-x5355,100,795,292787.20,108009816.42,368.29
intel-xeon-x5550,0,383178,46793324.00,5733208048.00,122.12
intel-xeon-x5550,1,6707,863732.00,112213840.00,128.78
intel-xeon-x5550,2,5029,660560.00,87676032.00,131.35
intel-xeon-x5550,3,7148,927192.00,121322176.00,129.71
intel-xeon-x5550,4,9108,1170948.00,151678608.00,128.56
intel-xeon-x5550,5,4580,609896.00,82065120.00,133.17
intel-xeon-x5550,6,4216,567736.00,77255840.00,134.66
intel-xeon-x5550,7,5585,748148.00,101243312.00,133.96
intel-xeon-x5550,8,4603,631452.00,87590672.00,137.18
intel-xeon-x5550,9,4466,628408.00,89273664.00,140.71
intel-xeon-x5550,10,5620,804084.00,115993520.00,143.08
intel-xeon-x5550,11,10191,1485772.00,217868016.00,145.79
intel-xeon-x5550,12,404029,61381612.00,9364512528.00,151.92
intel-xeon-x5550,13,8721,1342868.00,208675632.00,153.98
intel-xeon-x5550,14,9050,1405424.00,220420352.00,155.30
intel-xeon-x5550,15,5326,827536.00,130320960.00,155.38
intel-xeon-x5550,16,6431,1003944.00,158511264.00,156.11
intel-xeon-x5550,17,5851,914568.00,145102208.00,156.31
intel-xeon-x5550,18,5760,908720.00,145301120.00,157.76
intel-xeon-x5550,19,5931,941032.00,151385056.00,158.66
intel-xeon-x5550,20,6222,1001440.00,163126432.00,160.95
intel-xeon-x5550,21,9304,1501632.00,245034208.00,161.40
intel-xeon-x5550,22,7250,1205876.00,202714864.00,166.33
intel-xeon-x5550,23,9262,1569980.00,268716272.00,169.51
intel-xeon-x5550,24,26900,4692876.00,823531120.00,174.46
intel-xeon-x5550,25,302858,53928300.00,9670574000.00,178.06
intel-xeon-x5550,26,8197,1464612.00,265326352.00,178.68
intel-xeon-x5550,27,5430,948128.00,167827488.00,174.61
intel-xeon-x5550,28,7944,1405452.00,251335152.00,176.92
intel-xeon-x5550,29,6982,1218768.00,216002208.00,174.56
intel-xeon-x5550,30,7225,1276596.00,228369552.00,176.69
intel-xeon-x5550,31,6344,1130304.00,204018688.00,178.17
intel-xeon-x5550,32,6307,1128236.00,204485008.00,178.89
intel-xeon-x5550,33,8440,1507784.00,273270272.00,178.65
intel-xeon-x5550,34,7662,1386632.00,254077472.00,180.98
intel-xeon-x5550,35,8733,1591896.00,293051936.00,182.29
intel-xeon-x5550,36,13279,2492868.00,471419024.00,187.73
intel-xeon-x5550,37,279922,53768476.00,10401788432.00,192.08
intel-xeon-x5550,38,24473,4998408.00,1029692864.00,204.24
intel-xeon-x5550,39,8119,1610672.00,323424864.00,198.38
intel-xeon-x5550,40,5544,1065128.00,207089344.00,192.12
intel-xeon-x5550,41,5934,1134416.00,219135232.00,191.17
intel-xeon-x5550,42,5697,1091252.00,211308048.00,191.55
intel-xeon-x5550,43,7021,1351416.00,262760320.00,192.48
intel-xeon-x5550,44,5942,1154440.00,227007616.00,194.28
intel-xeon-x5550,45,6217,1209808.00,238101504.00,194.60
intel-xeon-x5550,46,7775,1516252.00,298641776.00,195.02
intel-xeon-x5550,47,5946,1166412.00,231527664.00,196.17
intel-xeon-x5550,48,7588,1506420.00,301903856.00,198.53
intel-xeon-x5550,49,24080,4826164.00,972685328.00,200.42
intel-xeon-x5550,50,168212,34342212.00,7084356816.00,204.16
intel-xeon-x5550,51,8376,1731308.00,362233552.00,206.70
intel-xeon-x5550,52,4823,982932.00,203296336.00,203.80
intel-xeon-x5550,53,4295,873244.00,180488912.00,203.32
intel-xeon-x5550,54,4357,892172.00,185760240.00,204.77
intel-xeon-x5550,55,5413,1115320.00,233170688.00,206.04
intel-xeon-x5550,56,5776,1190308.00,248566704.00,206.08
intel-xeon-x5550,57,7918,1637016.00,342275424.00,206.75
intel-xeon-x5550,58,6743,1405712.00,296761280.00,208.47
intel-xeon-x5550,59,5633,1163076.00,244049552.00,206.48
intel-xeon-x5550,60,5344,1125952.00,241093280.00,210.69
intel-xeon-x5550,61,9654,2041584.00,435713248.00,211.48
intel-xeon-x5550,62,87147,18718960.00,4085579232.00,214.80
intel-xeon-x5550,63,7723,1684288.00,371552960.00,218.09
intel-xeon-x5550,64,4239,913924.00,201291248.00,215.60
intel-xeon-x5550,65,4049,861088.00,186788736.00,212.67
intel-xeon-x5550,66,5159,1106032.00,241241664.00,214.39
intel-xeon-x5550,67,5006,1075076.00,235815280.00,214.76
intel-xeon-x5550,68,7071,1531824.00,337858304.00,216.63
intel-xeon-x5550,69,4587,990968.00,218971872.00,216.04
intel-xeon-x5550,70,4097,895788.00,199838096.00,218.64
intel-xeon-x5550,71,4445,972532.00,215984112.00,218.79
intel-xeon-x5550,72,4496,993212.00,223076240.00,220.91
intel-xeon-x5550,73,4754,1058512.00,239306752.00,222.66
intel-xeon-x5550,74,10401,2343440.00,533585600.00,225.31
intel-xeon-x5550,75,66576,14860548.00,3432758128.00,223.21
intel-xeon-x5550,76,10875,2432668.00,555114096.00,223.69
intel-xeon-x5550,77,13261,3030424.00,698514144.00,228.52
intel-xeon-x5550,78,17737,4086024.00,959967040.00,230.37
intel-xeon-x5550,79,17825,4082204.00,950332752.00,229.02
intel-xeon-x5550,80,8924,2060512.00,479549184.00,230.90
intel-xeon-x5550,81,4753,1086732.00,253758224.00,228.64
intel-xeon-x5550,82,6036,1376656.00,322743456.00,228.07
intel-xeon-x5550,83,8820,2019188.00,473310064.00,228.93
intel-xeon-x5550,84,11860,2727224.00,640727968.00,229.95
intel-xeon-x5550,85,17543,4070356.00,964491664.00,232.02
intel-xeon-x5550,86,20121,4687736.00,1120886752.00,232.98
intel-xeon-x5550,87,73065,16823148.00,4022703472.00,230.25
intel-xeon-x5550,88,18876,4441440.00,1068326496.00,235.30
intel-xeon-x5550,89,23864,5556528.00,1349680032.00,232.84
intel-xeon-x5550,90,40205,9264328.00,2243180736.00,230.43
intel-xeon-x5550,91,40554,9500284.00,2307497168.00,234.26
intel-xeon-x5550,92,18272,4331432.00,1055578464.00,237.05
intel-xeon-x5550,93,7746,1875584.00,458252672.00,242.14
intel-xeon-x5550,94,4632,1120504.00,275174784.00,241.91
intel-xeon-x5550,95,3881,934996.00,230379472.00,240.92
intel-xeon-x5550,96,2748,644680.00,156745408.00,234.60
intel-xeon-x5550,97,3288,778468.00,190218480.00,236.76
intel-xeon-x5550,98,6403,1560656.00,386236256.00,243.74
intel-xeon-x5550,99,60674,14422620.00,3575747984.00,237.71
intel-xeon-x5550,100,105097,24327216.00,5993423968.00,231.47
intel-xeon-x5650,0,10222,1266300.00,157255440.00,123.88
intel-xeon-x5650,1,104,13432.00,1750816.00,129.15
intel-xeon-x5650,2,115,14968.00,1968960.00,130.16
intel-xeon-x5650,3,175,22184.00,2840736.00,126.77
intel-xeon-x5650,4,139,18316.00,2453168.00,131.77
intel-xeon-x5650,5,240,29840.00,3738208.00,124.33
intel-xeon-x5650,6,293,36960.00,4681888.00,126.14
intel-xeon-x5650,7,350,44788.00,5769776.00,127.97
intel-xeon-x5650,8,9066,1338380.00,198277168.00,147.63
intel-xeon-x5650,9,247,35816.00,5239264.00,145.00
intel-xeon-x5650,10,79,11704.00,1763776.00,148.15
intel-xeon-x5650,11,99,15208.00,2368640.00,153.62
intel-xeon-x5650,12,116,17860.00,2803728.00,153.97
intel-xeon-x5650,13,151,22964.00,3572656.00,152.08
intel-xeon-x5650,14,111,16828.00,2589648.00,151.60
intel-xeon-x5650,15,186,28956.00,4561456.00,155.68
intel-xeon-x5650,16,3622,634100.00,111538832.00,175.07
intel-xeon-x5650,17,174,27004.00,4291696.00,155.20
intel-xeon-x5650,18,188,28460.00,4441840.00,151.38
intel-xeon-x5650,19,243,37592.00,5950464.00,154.70
intel-xeon-x5650,20,117,18604.00,3046736.00,159.01
intel-xeon-x5650,21,128,21988.00,3829424.00,171.78
intel-xeon-x5650,22,160,27156.00,4678320.00,169.72
intel-xeon-x5650,23,149,25636.00,4501424.00,172.05
intel-xeon-x5650,24,262,44072.00,7551616.00,168.21
intel-xeon-x5650,25,3430,639224.00,119675104.00,186.36
intel-xeon-x5650,26,110,19436.00,3492656.00,176.69
intel-xeon-x5650,27,143,25900.00,4765488.00,181.12
intel-xeon-x5650,28,180,30844.00,5378800.00,171.36
intel-xeon-x5650,29,168,25852.00,4094320.00,153.88
intel-xeon-x5650,30,500,86364.00,15043408.00,172.73
intel-xeon-x5650,31,874,150732.00,26113712.00,172.46
intel-xeon-x5650,32,134,24468.00,4515184.00,182.60
intel-xeon-x5650,33,2886,570980.00,113328656.00,197.84
intel-xeon-x5650,34,126,24412.00,4758544.00,193.75
intel-xeon-x5650,35,111,21464.00,4178528.00,193.37
intel-xeon-x5650,36,129,24444.00,4679248.00,189.49
intel-xeon-x5650,37,114,21224.00,3986880.00,186.18
intel-xeon-x5650,38,156,29480.00,5622432.00,188.97
intel-xeon-x5650,39,245,47732.00,9359632.00,194.82
intel-xeon-x5650,40,102,20000.00,3960640.00,196.08
intel-xeon-x5650,41,2408,488768.00,99645696.00,202.98
intel-xeon-x5650,42,222,45480.00,9374176.00,204.86
intel-xeon-x5650,43,117,24020.00,4952784.00,205.30
intel-xeon-x5650,44,191,37564.00,7421872.00,196.67
intel-xeon-x5650,45,191,36440.00,6997024.00,190.79
intel-xeon-x5650,46,77,15796.00,3275088.00,205.14
intel-xeon-x5650,47,492,97772.00,19510064.00,198.72
intel-xeon-x5650,48,225,44780.00,8973008.00,199.02
intel-xeon-x5650,49,108,22604.00,4776080.00,209.30
intel-xeon-x5650,50,2166,458740.00,97539696.00,211.79
intel-xeon-x5650,51,149,31500.00,6718992.00,211.41
intel-xeon-x5650,52,91,19092.00,4055024.00,209.80
intel-xeon-x5650,53,108,21548.00,4382352.00,199.52
intel-xeon-x5650,54,102,20224.00,4162400.00,198.27
intel-xeon-x5650,55,146,30320.00,6356000.00,207.67
intel-xeon-x5650,56,229,47604.00,9960848.00,207.88
intel-xeon-x5650,57,280,58160.00,12145152.00,207.71
intel-xeon-x5650,58,1538,334516.00,73094320.00,217.50
intel-xeon-x5650,59,203,37180.00,7164272.00,183.15
intel-xeon-x5650,60,78,16572.00,3560336.00,212.46
intel-xeon-x5650,61,186,39320.00,8354016.00,211.40
intel-xeon-x5650,62,243,53032.00,11617056.00,218.24
intel-xeon-x5650,63,387,85764.00,19075280.00,221.61
intel-xeon-x5650,64,463,101628.00,22390320.00,219.50
intel-xeon-x5650,65,204,45336.00,10115168.00,222.24
intel-xeon-x5650,66,2912,654236.00,147768496.00,224.67
intel-xeon-x5650,67,234,51916.00,11586608.00,221.86
intel-xeon-x5650,68,116,24776.00,5373184.00,213.59
intel-xeon-x5650,69,100,20364.00,4304400.00,203.64
intel-xeon-x5650,70,99,21468.00,4768976.00,216.85
intel-xeon-x5650,71,106,23552.00,5341600.00,222.19
intel-xeon-x5650,72,190,43992.00,10258048.00,231.54
intel-xeon-x5650,73,180,41332.00,9592016.00,229.62
intel-xeon-x5650,74,166,38408.00,8950816.00,231.37
intel-xeon-x5650,75,2545,596964.00,140449328.00,234.56
intel-xeon-x5650,76,109,25796.00,6143344.00,236.66
intel-xeon-x5650,77,83,19108.00,4457168.00,230.22
intel-xeon-x5650,78,123,28592.00,6681632.00,232.46
intel-xeon-x5650,79,70,16492.00,3913840.00,235.60
intel-xeon-x5650,80,153,34976.00,8099584.00,228.60
intel-xeon-x5650,81,146,30452.00,6672624.00,208.58
intel-xeon-x5650,82,106,25724.00,6277360.00,242.68
intel-xeon-x5650,83,2348,575000.00,141251808.00,244.89
intel-xeon-x5650,84,76,18448.00,4550752.00,242.74
intel-xeon-x5650,85,65,15344.00,3702688.00,236.06
intel-xeon-x5650,86,93,22148.00,5383984.00,238.15
intel-xeon-x5650,87,107,24756.00,5910800.00,231.36
intel-xeon-x5650,88,114,27284.00,6651312.00,239.33
intel-xeon-x5650,89,146,36832.00,9302720.00,252.27
intel-xeon-x5650,90,200,50400.00,12713920.00,252.00
intel-xeon-x5650,91,1619,390532.00,94665040.00,241.22
intel-xeon-x5650,92,306,77160.00,19475168.00,252.16
intel-xeon-x5650,93,229,57508.00,14466256.00,251.13
intel-xeon-x5650,94,183,45972.00,11565328.00,251.21
intel-xeon-x5650,95,90,22832.00,5798688.00,253.69
intel-xeon-x5650,96,192,48204.00,12122640.00,251.06
intel-xeon-x5650,97,137,34024.00,8485152.00,248.35
intel-xeon-x5650,98,48,12348.00,3186736.00,257.25
intel-xeon-x5650,99,332,87020.00,22918480.00,262.11
intel-xeon-x5650,100,583,149616.00,38627168.00,256.63
unknown,0,29692,3447802.60,401454531.86,116.12
unknown,1,144,16974.70,2015866.69,117.88
unknown,2,111,13525.70,1675570.37,121.85
unknown,3,89,10980.40,1367824.16,123.38
unknown,4,90,10963.20,1349810.06,121.81
unknown,5,380,44862.60,5348219.08,118.06
unknown,6,140,16680.00,2006816.00,119.14
unknown,7,94,11417.80,1397692.84,121.47
unknown,8,118,14368.70,1765852.29,121.77
unknown,9,111,13660.10,1699084.41,123.06
unknown,10,166,19664.00,2344704.00,118.46
unknown,11,221,27656.30,3480879.41,125.14
unknown,12,20126,2649403.70,349163850.81,131.64
unknown,13,185,24553.30,3294366.01,132.72
unknown,14,134,17969.20,2443393.54,134.10
unknown,15,117,15544.00,2090112.00,132.85
unknown,16,187,25860.70,3614569.11,138.29
unknown,17,170,22824.60,3102329.58,134.26
unknown,18,110,14683.00,1987477.40,133.48
unknown,19,87,11745.20,1610366.32,135.00
unknown,20,113,15201.10,2070722.01,134.52
unknown,21,142,19132.90,2613591.55,134.74
unknown,22,263,35100.00,4722704.00,133.46
unknown,23,406,57802.30,8291998.09,142.37
unknown,24,700,98489.00,13931625.00,140.70
unknown,25,19508,2859272.20,419722448.04,146.57
unknown,26,205,29182.60,4206510.98,142.35
unknown,27,191,27821.80,4095328.04,145.66
unknown,28,285,43136.20,6586284.04,151.36
unknown,29,258,38365.90,5773864.43,148.71
unknown,30,212,30711.10,4506649.15,144.86
unknown,31,231,33084.50,4801289.87,143.22
unknown,32,210,31260.20,4690251.62,148.86
unknown,33,188,27995.80,4213182.50,148.91
unknown,34,289,42866.50,6408278.71,148.33
unknown,35,291,43659.10,6607714.27,150.03
unknown,36,443,67174.20,10244856.28,151.63
unknown,37,19209,3018948.70,475456522.07,157.16
unknown,38,277,43368.50,6852131.93,156.56
unknown,39,195,30517.30,4816966.01,156.50
unknown,40,311,49966.80,8093637.22,160.66
unknown,41,223,35106.50,5568285.09,157.43
unknown,42,188,30930.30,5168827.43,164.52
unknown,43,307,49606.00,8091498.30,161.58
unknown,44,253,40590.60,6582306.06,160.44
unknown,45,227,35989.80,5744179.24,158.55
unknown,46,284,45937.70,7481367.69,161.75
unknown,47,609,97963.00,15865065.00,160.86
unknown,48,450,72068.00,11635600.00,160.15
unknown,49,627,98991.90,15776338.65,157.88
unknown,50,15101,2661634.30,478724693.77,176.26
unknown,51,198,33920.80,5939031.86,171.32
unknown,52,274,47107.90,8205145.19,171.93
unknown,53,226,37838.30,6442603.39,167.43
unknown,54,219,36402.10,6126389.21,166.22
unknown,55,272,45259.40,7687342.44,166.39
unknown,56,395,65223.50,10866249.25,165.12
unknown,57,200,33023.50,5552987.23,165.12
unknown,58,242,39354.90,6525879.73,162.62
unknown,59,349,57929.70,9740739.97,165.99
unknown,60,308,52023.80,8920700.68,168.91
unknown,61,364,63750.00,11295080.66,175.14
unknown,62,6813,1198458.70,211322972.63,175.91
unknown,63,262,46107.40,8284451.84,175.98
unknown,64,359,61875.60,10835387.02,172.36
unknown,65,350,58795.90,10042804.37,167.99
unknown,66,230,40196.00,7065136.00,174.77
unknown,67,232,40564.00,7165712.00,174.84
unknown,68,199,35365.60,6339558.62,177.72
unknown,69,207,36888.60,6637131.56,178.21
unknown,70,243,44380.00,8142224.00,182.63
unknown,71,281,51816.30,9610469.69,184.40
unknown,72,453,82515.60,15140128.16,182.15
unknown,73,451,82512.30,15229040.29,182.95
unknown,74,678,116288.90,20279121.61,171.52
unknown,75,6269,1162243.00,216334710.34,185.40
unknown,76,237,44360.00,8347328.00,187.17
unknown,77,194,35836.00,6661552.00,184.72
unknown,78,168,31102.70,5794864.05,185.14
unknown,79,153,28077.80,5202386.74,183.52
unknown,80,134,24593.80,4567539.24,183.54
unknown,81,287,52391.60,9652670.88,182.55
unknown,82,330,62133.80,11774846.12,188.28
unknown,83,365,69396.10,13312721.33,190.13
unknown,84,503,87714.90,15781343.81,174.38
unknown,85,541,93222.00,16640703.34,172.31
unknown,86,364,66146.60,12305790.70,181.72
unknown,87,4197,814548.60,158631509.98,194.08
unknown,88,179,34905.70,6839830.45,195.00
unknown,89,270,52609.30,10281903.29,194.85
unknown,90,321,62784.20,12319439.10,195.59
unknown,91,244,49346.20,10068678.96,202.24
unknown,92,147,32738.00,7542232.28,222.71
unknown,93,89,20152.50,4759121.91,226.43
unknown,94,101,20721.10,4449011.69,205.16
unknown,95,69,12896.30,2480016.91,186.90
unknown,96,151,29433.60,5826206.26,194.92
unknown,97,354,62730.40,11363517.64,177.20
unknown,98,560,108319.50,21296857.75,193.43
unknown,99,10658,2150626.20,441490073.00,201.79
unknown,100,11821,2611387.60,591232139.26,220.91
